Model Type,Model,Test Accuracy,Test Precision,Test Recall,Test F1,Test AUC
Deep Learning,ResNet,0.64175,0.516566265060241,0.23573883161512027,0.32373761208117036,0.6384787907020707
Traditional ML,Decision Tree,0.646,0.5371428571428571,0.19381443298969073,0.28484848484848485,0.6265078754244898
Deep Learning,Simple NN,0.65075,0.5638766519823789,0.1759450171821306,0.2682032477737035,0.6402870664803301
Deep Learning,Deep NN,0.64425,0.562015503875969,0.09965635738831616,0.1692936368943374,0.6130149406895807
