Model,Val Acc,Val Precision,Val Recall,Val F1,Val AUC,Test Acc,Test Precision,Test Recall,Test F1,Test AUC
ResNet,0.6459375,0.5308151093439364,0.22938144329896906,0.3203359328134373,0.6406088601057258,0.64175,0.516566265060241,0.23573883161512027,0.32373761208117036,0.6384787907020707
Simple NN,0.648125,0.5545977011494253,0.16580756013745704,0.2552910052910053,0.6381165650591754,0.65075,0.5638766519823789,0.1759450171821306,0.2682032477737035,0.6402870664803301
Deep NN,0.6415625,0.544973544973545,0.08848797250859107,0.15225424981522542,0.6007205355153626,0.64425,0.562015503875969,0.09965635738831616,0.1692936368943374,0.6130149406895807
