Ensemble Type,Accuracy,Precision,Recall,F1 Score,AUC
Simple Average,0.64725,0.5614525139664804,0.13814432989690723,0.22173193601765032,0.6452822392805785
Weighted Average,0.64775,0.5653409090909091,0.13676975945017184,0.22025456557830658,0.6449192878698884
Majority Voting,0.64575,0.5633333333333334,0.1161512027491409,0.1925925925925926,0.6452822392805785
