Model Type,Model,Test Accuracy,Test Precision,Test Recall,Test F1,Test AUC
Deep Learning,Simple NN,0.6495,0.5386861313868613,0.2536082474226804,0.3448598130841122,0.6368361925208785
Deep Learning,ResNet,0.64125,0.5140056022408963,0.252233676975945,0.3384047948363301,0.6370309008297383
Traditional ML,Decision Tree,0.646,0.5371428571428571,0.19381443298969073,0.28484848484848485,0.6265078754244898
Deep Learning,Deep NN,0.633,0.4846335697399527,0.140893470790378,0.21831735889243875,0.5917138246950088
