Model,Val Acc,Val Precision,Val Recall,Val F1,Val AUC,Test Acc,Test Precision,Test Recall,Test F1,Test AUC
Simple NN,0.6428125,0.5208747514910537,0.22508591065292097,0.3143371325734853,0.6338663929003031,0.6495,0.5386861313868613,0.2536082474226804,0.3448598130841122,0.6368361925208785
ResNet,0.645,0.5255474452554745,0.24742268041237114,0.3364485981308411,0.6353772135917742,0.64125,0.5140056022408963,0.252233676975945,0.3384047948363301,0.6370309008297383
Deep NN,0.6421875,0.5299684542586751,0.14432989690721648,0.22687373396353816,0.5982993403952228,0.633,0.4846335697399527,0.140893470790378,0.21831735889243875,0.5917138246950088
